Product code,Station number,Year,Month,monthly_total_precipitation_mm,Quality
IDCJAC0001,8107,1918,1,1.6,Y
IDCJAC0001,8107,1918,2,108.2,Y
IDCJAC0001,8107,1918,3,53.1,Y
IDCJAC0001,8107,1918,4,75.4,Y
IDCJAC0001,8107,1918,5,34.8,Y
IDCJAC0001,8107,1918,6,107,Y
IDCJAC0001,8107,1918,7,44.3,Y
IDCJAC0001,8107,1918,8,27.2,Y
IDCJAC0001,8107,1918,9,88.9,Y
IDCJAC0001,8107,1918,10,16.5,Y
IDCJAC0001,8107,1918,11,22.9,Y
IDCJAC0001,8107,1918,12,0.5,Y
IDCJAC0001,8107,1919,1,0,Y
IDCJAC0001,8107,1919,2,1.6,Y
IDCJAC0001,8107,1919,3,0,Y
IDCJAC0001,8107,1919,4,16.3,Y
IDCJAC0001,8107,1919,5,16.8,Y
IDCJAC0001,8107,1919,6,89.4,Y
IDCJAC0001,8107,1919,7,72.9,Y
IDCJAC0001,8107,1919,8,100.7,Y
IDCJAC0001,8107,1919,9,7.4,Y
IDCJAC0001,8107,1919,10,10.2,Y
IDCJAC0001,8107,1919,11,22.9,Y
IDCJAC0001,8107,1919,12,29.8,Y
IDCJAC0001,8107,1920,1,1.8,Y
IDCJAC0001,8107,1920,2,0,Y
IDCJAC0001,8107,1920,3,24.9,Y
IDCJAC0001,8107,1920,4,6.4,Y
IDCJAC0001,8107,1920,5,45.9,Y
IDCJAC0001,8107,1920,6,63,Y
IDCJAC0001,8107,1920,7,40.4,Y
IDCJAC0001,8107,1920,8,78.7,Y
IDCJAC0001,8107,1920,9,28.2,Y
IDCJAC0001,8107,1920,10,2.8,Y
IDCJAC0001,8107,1920,11,33.3,Y
IDCJAC0001,8107,1920,12,0,Y
IDCJAC0001,8107,1921,1,1.8,Y
IDCJAC0001,8107,1921,2,24,Y
IDCJAC0001,8107,1921,3,28,Y
IDCJAC0001,8107,1921,4,0,Y
IDCJAC0001,8107,1921,5,189.5,Y
IDCJAC0001,8107,1921,6,38.5,Y
IDCJAC0001,8107,1921,7,32.3,Y
IDCJAC0001,8107,1921,8,31.8,Y
IDCJAC0001,8107,1921,9,35.1,Y
IDCJAC0001,8107,1921,10,21.6,Y
IDCJAC0001,8107,1921,11,0,Y
IDCJAC0001,8107,1921,12,6.9,Y
IDCJAC0001,8107,1922,1,0,Y
IDCJAC0001,8107,1922,2,16.6,Y
IDCJAC0001,8107,1922,3,1.3,Y
IDCJAC0001,8107,1922,4,16.6,Y
IDCJAC0001,8107,1922,5,21.4,Y
IDCJAC0001,8107,1922,6,30.7,Y
IDCJAC0001,8107,1922,7,53.6,Y
IDCJAC0001,8107,1922,8,15.7,Y
IDCJAC0001,8107,1922,9,7.7,Y
IDCJAC0001,8107,1922,10,0.8,Y
IDCJAC0001,8107,1922,11,0,Y
IDCJAC0001,8107,1922,12,0.3,Y
IDCJAC0001,8107,1923,1,21.3,Y
IDCJAC0001,8107,1923,2,13.2,Y
IDCJAC0001,8107,1923,3,3.6,Y
IDCJAC0001,8107,1923,4,32.5,Y
IDCJAC0001,8107,1923,5,19.6,Y
IDCJAC0001,8107,1923,6,166.8,Y
IDCJAC0001,8107,1923,7,44,Y
IDCJAC0001,8107,1923,8,17,Y
IDCJAC0001,8107,1923,9,30.9,Y
IDCJAC0001,8107,1923,10,3.8,Y
IDCJAC0001,8107,1923,11,0,Y
IDCJAC0001,8107,1923,12,1.3,Y
IDCJAC0001,8107,1924,1,0,Y
IDCJAC0001,8107,1924,2,0,Y
IDCJAC0001,8107,1924,3,27.3,Y
IDCJAC0001,8107,1924,4,0.8,Y
IDCJAC0001,8107,1924,5,26.4,Y
IDCJAC0001,8107,1924,6,80.3,Y
IDCJAC0001,8107,1924,7,70.3,Y
IDCJAC0001,8107,1924,8,45.8,Y
IDCJAC0001,8107,1924,9,14.2,Y
IDCJAC0001,8107,1924,10,34.7,Y
IDCJAC0001,8107,1924,11,7.7,Y
IDCJAC0001,8107,1924,12,1,Y
IDCJAC0001,8107,1925,1,67.6,Y
IDCJAC0001,8107,1925,2,27.7,Y
IDCJAC0001,8107,1925,3,13.5,Y
IDCJAC0001,8107,1925,4,1.8,Y
IDCJAC0001,8107,1925,5,41.6,Y
IDCJAC0001,8107,1925,6,106.1,Y
IDCJAC0001,8107,1925,7,39.1,Y
IDCJAC0001,8107,1925,8,16.5,Y
IDCJAC0001,8107,1925,9,43.2,Y
IDCJAC0001,8107,1925,10,6.8,Y
IDCJAC0001,8107,1925,11,3.3,Y
IDCJAC0001,8107,1925,12,40.2,Y
IDCJAC0001,8107,1926,1,7.9,Y
IDCJAC0001,8107,1926,2,12.5,Y
IDCJAC0001,8107,1926,3,14.3,Y
IDCJAC0001,8107,1926,4,42.5,Y
IDCJAC0001,8107,1926,5,25.1,Y
IDCJAC0001,8107,1926,6,43.1,Y
IDCJAC0001,8107,1926,7,73.4,Y
IDCJAC0001,8107,1926,8,22.6,Y
IDCJAC0001,8107,1926,9,27.4,Y
IDCJAC0001,8107,1926,10,34,Y
IDCJAC0001,8107,1926,11,13.4,Y
IDCJAC0001,8107,1926,12,6.6,Y
IDCJAC0001,8107,1927,1,5.1,Y
IDCJAC0001,8107,1927,2,0,Y
IDCJAC0001,8107,1927,3,160.1,Y
IDCJAC0001,8107,1927,4,21.6,Y
IDCJAC0001,8107,1927,5,28.7,Y
IDCJAC0001,8107,1927,6,55,Y
IDCJAC0001,8107,1927,7,58.5,Y
IDCJAC0001,8107,1927,8,24.8,Y
IDCJAC0001,8107,1927,9,35.1,Y
IDCJAC0001,8107,1927,10,4.5,Y
IDCJAC0001,8107,1927,11,0,Y
IDCJAC0001,8107,1927,12,2.3,Y
IDCJAC0001,8107,1928,1,29.4,Y
IDCJAC0001,8107,1928,2,0,Y
IDCJAC0001,8107,1928,3,22.1,Y
IDCJAC0001,8107,1928,4,22.9,Y
IDCJAC0001,8107,1928,5,38.4,Y
IDCJAC0001,8107,1928,6,24.9,Y
IDCJAC0001,8107,1928,7,77.3,Y
IDCJAC0001,8107,1928,8,38.8,Y
IDCJAC0001,8107,1928,9,14,Y
IDCJAC0001,8107,1928,10,7.4,Y
IDCJAC0001,8107,1928,11,0,Y
IDCJAC0001,8107,1928,12,16.8,Y
IDCJAC0001,8107,1929,1,0,Y
IDCJAC0001,8107,1929,2,51.9,Y
IDCJAC0001,8107,1929,3,3.5,Y
IDCJAC0001,8107,1929,4,0,Y
IDCJAC0001,8107,1929,5,89.9,Y
IDCJAC0001,8107,1929,6,72.5,Y
IDCJAC0001,8107,1929,7,18.5,Y
IDCJAC0001,8107,1929,8,15,Y
IDCJAC0001,8107,1929,9,5.9,Y
IDCJAC0001,8107,1929,10,9.6,Y
IDCJAC0001,8107,1929,11,20.4,Y
IDCJAC0001,8107,1929,12,0,Y
IDCJAC0001,8107,1930,1,0,Y
IDCJAC0001,8107,1930,2,0,Y
IDCJAC0001,8107,1930,3,8.4,Y
IDCJAC0001,8107,1930,4,18.1,Y
IDCJAC0001,8107,1930,5,15.1,Y
IDCJAC0001,8107,1930,6,116.9,Y
IDCJAC0001,8107,1930,7,53,Y
IDCJAC0001,8107,1930,8,33.8,Y
IDCJAC0001,8107,1930,9,13,Y
IDCJAC0001,8107,1930,10,18,Y
IDCJAC0001,8107,1930,11,0,Y
IDCJAC0001,8107,1930,12,15.2,Y
IDCJAC0001,8107,1931,1,0,Y
IDCJAC0001,8107,1931,2,2,Y
IDCJAC0001,8107,1931,3,10.1,Y
IDCJAC0001,8107,1931,4,17.3,Y
IDCJAC0001,8107,1931,5,84.4,Y
IDCJAC0001,8107,1931,6,31.3,Y
IDCJAC0001,8107,1931,7,51.2,Y
IDCJAC0001,8107,1931,8,29.4,Y
IDCJAC0001,8107,1931,9,26.1,Y
IDCJAC0001,8107,1931,10,15,Y
IDCJAC0001,8107,1931,11,38.8,Y
IDCJAC0001,8107,1931,12,27.5,Y
IDCJAC0001,8107,1932,1,18.2,Y
IDCJAC0001,8107,1932,2,30,Y
IDCJAC0001,8107,1932,3,41.9,Y
IDCJAC0001,8107,1932,4,30.2,Y
IDCJAC0001,8107,1932,5,65.4,Y
IDCJAC0001,8107,1932,6,29.7,Y
IDCJAC0001,8107,1932,7,55.6,Y
IDCJAC0001,8107,1932,8,97.4,Y
IDCJAC0001,8107,1932,9,14.2,Y
IDCJAC0001,8107,1932,10,21,Y
IDCJAC0001,8107,1932,11,0,Y
IDCJAC0001,8107,1932,12,6.9,Y
IDCJAC0001,8107,1933,1,1.5,Y
IDCJAC0001,8107,1933,2,7.4,Y
IDCJAC0001,8107,1933,3,26.6,Y
IDCJAC0001,8107,1933,4,2.3,Y
IDCJAC0001,8107,1933,5,64.6,Y
IDCJAC0001,8107,1933,6,126.6,Y
IDCJAC0001,8107,1933,7,38.6,Y
IDCJAC0001,8107,1933,8,75.2,Y
IDCJAC0001,8107,1933,9,10.6,Y
IDCJAC0001,8107,1933,10,17.1,Y
IDCJAC0001,8107,1933,11,22.4,Y
IDCJAC0001,8107,1933,12,10.1,Y
IDCJAC0001,8107,1934,1,11.2,Y
IDCJAC0001,8107,1934,2,1.8,Y
IDCJAC0001,8107,1934,3,85.4,Y
IDCJAC0001,8107,1934,4,91.6,Y
IDCJAC0001,8107,1934,5,7.6,Y
IDCJAC0001,8107,1934,6,51.3,Y
IDCJAC0001,8107,1934,7,50.3,Y
IDCJAC0001,8107,1934,8,54.2,Y
IDCJAC0001,8107,1934,9,15.2,Y
IDCJAC0001,8107,1934,10,0,Y
IDCJAC0001,8107,1934,11,4.3,Y
IDCJAC0001,8107,1934,12,0,Y
IDCJAC0001,8107,1935,1,23.9,Y
IDCJAC0001,8107,1935,2,24.7,Y
IDCJAC0001,8107,1935,3,48.1,Y
IDCJAC0001,8107,1935,4,48.4,Y
IDCJAC0001,8107,1935,5,15.8,Y
IDCJAC0001,8107,1935,6,14.8,Y
IDCJAC0001,8107,1935,7,55.8,Y
IDCJAC0001,8107,1935,8,57.4,Y
IDCJAC0001,8107,1935,9,11.9,Y
IDCJAC0001,8107,1935,10,2.5,Y
IDCJAC0001,8107,1935,11,0,Y
IDCJAC0001,8107,1935,12,2,Y
IDCJAC0001,8107,1936,1,11.2,Y
IDCJAC0001,8107,1936,2,0,Y
IDCJAC0001,8107,1936,3,30.5,Y
IDCJAC0001,8107,1936,4,8.9,Y
IDCJAC0001,8107,1936,5,24.2,Y
IDCJAC0001,8107,1936,6,44.6,Y
IDCJAC0001,8107,1936,7,25,Y
IDCJAC0001,8107,1936,8,45.2,Y
IDCJAC0001,8107,1936,9,20.3,Y
IDCJAC0001,8107,1936,10,3.8,Y
IDCJAC0001,8107,1936,11,11.1,Y
IDCJAC0001,8107,1936,12,3.1,Y
IDCJAC0001,8107,1937,1,2.8,Y
IDCJAC0001,8107,1937,2,31.3,Y
IDCJAC0001,8107,1937,3,3.1,Y
IDCJAC0001,8107,1937,4,32.5,Y
IDCJAC0001,8107,1937,5,39.9,Y
IDCJAC0001,8107,1937,6,64,Y
IDCJAC0001,8107,1937,7,9.3,Y
IDCJAC0001,8107,1937,8,46.9,Y
IDCJAC0001,8107,1937,9,16.3,Y
IDCJAC0001,8107,1937,10,1.8,Y
IDCJAC0001,8107,1937,11,12.7,Y
IDCJAC0001,8107,1937,12,1.3,Y
IDCJAC0001,8107,1938,1,0.5,Y
IDCJAC0001,8107,1938,2,1.3,Y
IDCJAC0001,8107,1938,3,35.8,Y
IDCJAC0001,8107,1938,4,37.8,Y
IDCJAC0001,8107,1938,5,10.9,Y
IDCJAC0001,8107,1938,6,15.8,Y
IDCJAC0001,8107,1938,7,88.6,Y
IDCJAC0001,8107,1938,8,27.4,Y
IDCJAC0001,8107,1938,9,13,Y
IDCJAC0001,8107,1938,10,4.1,Y
IDCJAC0001,8107,1938,11,12.2,Y
IDCJAC0001,8107,1938,12,0,Y
IDCJAC0001,8107,1939,1,44.5,Y
IDCJAC0001,8107,1939,2,65.1,Y
IDCJAC0001,8107,1939,3,4.6,Y
IDCJAC0001,8107,1939,4,0.8,Y
IDCJAC0001,8107,1939,5,64.9,Y
IDCJAC0001,8107,1939,6,127,Y
IDCJAC0001,8107,1939,7,87.4,Y
IDCJAC0001,8107,1939,8,48,Y
IDCJAC0001,8107,1939,9,1,Y
IDCJAC0001,8107,1939,10,33.6,Y
IDCJAC0001,8107,1939,11,12.5,Y
IDCJAC0001,8107,1939,12,0,Y
IDCJAC0001,8107,1940,1,2,Y
IDCJAC0001,8107,1940,2,0,Y
IDCJAC0001,8107,1940,3,0,Y
IDCJAC0001,8107,1940,4,1.3,Y
IDCJAC0001,8107,1940,5,31.8,Y
IDCJAC0001,8107,1940,6,64.7,Y
IDCJAC0001,8107,1940,7,64.1,Y
IDCJAC0001,8107,1940,8,11.1,Y
IDCJAC0001,8107,1940,9,8.9,Y
IDCJAC0001,8107,1940,10,38,Y
IDCJAC0001,8107,1940,11,0.8,Y
IDCJAC0001,8107,1940,12,24.9,Y
IDCJAC0001,8107,1941,1,0,Y
IDCJAC0001,8107,1941,2,21.6,Y
IDCJAC0001,8107,1941,3,3.6,Y
IDCJAC0001,8107,1941,4,81.8,Y
IDCJAC0001,8107,1941,5,52,Y
IDCJAC0001,8107,1941,6,51.6,Y
IDCJAC0001,8107,1941,7,38,Y
IDCJAC0001,8107,1941,8,56.7,Y
IDCJAC0001,8107,1941,9,19.7,Y
IDCJAC0001,8107,1941,10,12.2,Y
IDCJAC0001,8107,1941,11,47,Y
IDCJAC0001,8107,1941,12,6.8,Y
IDCJAC0001,8107,1942,1,13.2,Y
IDCJAC0001,8107,1942,2,0,Y
IDCJAC0001,8107,1942,3,12.7,Y
IDCJAC0001,8107,1942,4,41.2,Y
IDCJAC0001,8107,1942,5,69.1,Y
IDCJAC0001,8107,1942,6,65.5,Y
IDCJAC0001,8107,1942,7,40.4,Y
IDCJAC0001,8107,1942,8,31.5,Y
IDCJAC0001,8107,1942,9,26.1,Y
IDCJAC0001,8107,1942,10,6.1,Y
IDCJAC0001,8107,1942,11,0,Y
IDCJAC0001,8107,1942,12,15.2,Y
IDCJAC0001,8107,1943,1,20.3,Y
IDCJAC0001,8107,1943,2,41.5,Y
IDCJAC0001,8107,1943,3,74,Y
IDCJAC0001,8107,1943,4,9.9,Y
IDCJAC0001,8107,1943,5,14.7,Y
IDCJAC0001,8107,1943,6,60.3,Y
IDCJAC0001,8107,1943,7,47.9,Y
IDCJAC0001,8107,1943,8,35.3,Y
IDCJAC0001,8107,1943,9,17,Y
IDCJAC0001,8107,1943,10,16.3,Y
IDCJAC0001,8107,1943,11,0,Y
IDCJAC0001,8107,1943,12,4.3,Y
IDCJAC0001,8107,1944,1,0,Y
IDCJAC0001,8107,1944,2,0,Y
IDCJAC0001,8107,1944,3,10.7,Y
IDCJAC0001,8107,1944,4,7.9,Y
IDCJAC0001,8107,1944,5,36.6,Y
IDCJAC0001,8107,1944,6,20.5,Y
IDCJAC0001,8107,1944,7,94.1,Y
IDCJAC0001,8107,1944,8,44.2,Y
IDCJAC0001,8107,1944,9,2.3,Y
IDCJAC0001,8107,1944,10,0,Y
IDCJAC0001,8107,1944,11,0,Y
IDCJAC0001,8107,1944,12,1.3,Y
IDCJAC0001,8107,1945,1,0,Y
IDCJAC0001,8107,1945,2,31.5,Y
IDCJAC0001,8107,1945,3,9.4,Y
IDCJAC0001,8107,1945,4,2.3,Y
IDCJAC0001,8107,1945,5,41.1,Y
IDCJAC0001,8107,1945,6,180.8,Y
IDCJAC0001,8107,1945,7,19.8,Y
IDCJAC0001,8107,1945,8,58.2,Y
IDCJAC0001,8107,1945,9,15.5,Y
IDCJAC0001,8107,1945,10,2.5,Y
IDCJAC0001,8107,1945,11,29.5,Y
IDCJAC0001,8107,1945,12,2,Y
IDCJAC0001,8107,1946,1,0,Y
IDCJAC0001,8107,1946,2,6.4,Y
IDCJAC0001,8107,1946,3,3.8,Y
IDCJAC0001,8107,1946,4,23.1,Y
IDCJAC0001,8107,1946,5,31.8,Y
IDCJAC0001,8107,1946,6,77.7,Y
IDCJAC0001,8107,1946,7,129.6,Y
IDCJAC0001,8107,1946,8,40.8,Y
IDCJAC0001,8107,1946,9,4.9,Y
IDCJAC0001,8107,1946,10,6.8,Y
IDCJAC0001,8107,1946,11,37.3,Y
IDCJAC0001,8107,1946,12,0.5,Y
IDCJAC0001,8107,1947,1,10.2,Y
IDCJAC0001,8107,1947,2,15.7,Y
IDCJAC0001,8107,1947,3,64.5,Y
IDCJAC0001,8107,1947,4,13.2,Y
IDCJAC0001,8107,1947,5,73.4,Y
IDCJAC0001,8107,1947,6,36.3,Y
IDCJAC0001,8107,1947,7,73.7,Y
IDCJAC0001,8107,1947,8,11.9,Y
IDCJAC0001,8107,1947,9,22.4,Y
IDCJAC0001,8107,1947,10,53.8,Y
IDCJAC0001,8107,1947,11,0,Y
IDCJAC0001,8107,1947,12,1.3,Y
IDCJAC0001,8107,1948,1,1.3,Y
IDCJAC0001,8107,1948,2,26.9,Y
IDCJAC0001,8107,1948,3,40.6,Y
IDCJAC0001,8107,1948,4,25.1,Y
IDCJAC0001,8107,1948,5,0,Y
IDCJAC0001,8107,1948,6,26.7,Y
IDCJAC0001,8107,1948,7,46.2,Y
IDCJAC0001,8107,1948,8,49.5,Y
IDCJAC0001,8107,1948,9,15.5,Y
IDCJAC0001,8107,1948,10,3,Y
IDCJAC0001,8107,1948,11,37.8,Y
IDCJAC0001,8107,1948,12,0,Y
IDCJAC0001,8107,1949,1,0,Y
IDCJAC0001,8107,1949,2,29.5,Y
IDCJAC0001,8107,1949,3,12.7,Y
IDCJAC0001,8107,1949,4,10.2,Y
IDCJAC0001,8107,1949,5,0,Y
IDCJAC0001,8107,1949,6,36.6,Y
IDCJAC0001,8107,1949,7,111.5,Y
IDCJAC0001,8107,1949,8,88.1,Y
IDCJAC0001,8107,1949,9,41.4,Y
IDCJAC0001,8107,1949,10,12.7,Y
IDCJAC0001,8107,1949,11,15.7,Y
IDCJAC0001,8107,1949,12,0,Y
IDCJAC0001,8107,1950,1,7.6,Y
IDCJAC0001,8107,1950,2,0,Y
IDCJAC0001,8107,1950,3,0,Y
IDCJAC0001,8107,1950,4,0,Y
IDCJAC0001,8107,1950,5,82,Y
IDCJAC0001,8107,1950,6,29,Y
IDCJAC0001,8107,1950,7,48,Y
IDCJAC0001,8107,1950,8,61.7,Y
IDCJAC0001,8107,1950,9,11.4,Y
IDCJAC0001,8107,1950,10,16,Y
IDCJAC0001,8107,1950,11,2.8,Y
IDCJAC0001,8107,1950,12,3,Y
IDCJAC0001,8107,1951,1,40.6,Y
IDCJAC0001,8107,1951,2,27.4,Y
IDCJAC0001,8107,1951,3,0,Y
IDCJAC0001,8107,1951,4,48.8,Y
IDCJAC0001,8107,1951,5,9.9,Y
IDCJAC0001,8107,1951,6,112.8,Y
IDCJAC0001,8107,1951,7,87.4,Y
IDCJAC0001,8107,1951,8,22.9,Y
IDCJAC0001,8107,1951,9,18.5,Y
IDCJAC0001,8107,1951,10,5.3,Y
IDCJAC0001,8107,1951,11,0,Y
IDCJAC0001,8107,1951,12,9.4,Y
IDCJAC0001,8107,1952,1,10.1,Y
IDCJAC0001,8107,1952,2,33.9,Y
IDCJAC0001,8107,1952,3,1.8,Y
IDCJAC0001,8107,1952,4,6.1,Y
IDCJAC0001,8107,1952,5,37.8,Y
IDCJAC0001,8107,1952,6,17.6,Y
IDCJAC0001,8107,1952,7,61.2,Y
IDCJAC0001,8107,1952,8,20,Y
IDCJAC0001,8107,1952,9,9.6,Y
IDCJAC0001,8107,1952,10,6.1,Y
IDCJAC0001,8107,1952,11,1.8,Y
IDCJAC0001,8107,1952,12,2,Y
IDCJAC0001,8107,1953,1,8.9,Y
IDCJAC0001,8107,1953,2,2.8,Y
IDCJAC0001,8107,1953,3,91.6,Y
IDCJAC0001,8107,1953,4,17.3,Y
IDCJAC0001,8107,1953,5,75.8,Y
IDCJAC0001,8107,1953,6,61.8,Y
IDCJAC0001,8107,1953,7,46.5,Y
IDCJAC0001,8107,1953,8,9.1,Y
IDCJAC0001,8107,1953,9,4,Y
IDCJAC0001,8107,1953,10,23.1,Y
IDCJAC0001,8107,1953,11,2.6,Y
IDCJAC0001,8107,1953,12,6.6,Y
IDCJAC0001,8107,1954,1,4.6,Y
IDCJAC0001,8107,1954,2,0,Y
IDCJAC0001,8107,1954,3,0,Y
IDCJAC0001,8107,1954,4,8.7,Y
IDCJAC0001,8107,1954,5,53.1,Y
IDCJAC0001,8107,1954,6,20.6,Y
IDCJAC0001,8107,1954,7,51.6,Y
IDCJAC0001,8107,1954,8,49.2,Y
IDCJAC0001,8107,1954,9,18.8,Y
IDCJAC0001,8107,1954,10,0,Y
IDCJAC0001,8107,1954,11,1.8,Y
IDCJAC0001,8107,1954,12,31.7,Y
IDCJAC0001,8107,1955,1,37.8,Y
IDCJAC0001,8107,1955,2,48.2,Y
IDCJAC0001,8107,1955,3,3,Y
IDCJAC0001,8107,1955,4,30,Y
IDCJAC0001,8107,1955,5,56.9,Y
IDCJAC0001,8107,1955,6,19.6,Y
IDCJAC0001,8107,1955,7,35.1,Y
IDCJAC0001,8107,1955,8,99.5,Y
IDCJAC0001,8107,1955,9,18,Y
IDCJAC0001,8107,1955,10,19.3,Y
IDCJAC0001,8107,1955,11,0,Y
IDCJAC0001,8107,1955,12,0,Y
IDCJAC0001,8107,1956,1,0,Y
IDCJAC0001,8107,1956,2,5.3,Y
IDCJAC0001,8107,1956,3,12.7,Y
IDCJAC0001,8107,1956,4,6.9,Y
IDCJAC0001,8107,1956,5,69.8,Y
IDCJAC0001,8107,1956,6,83.1,Y
IDCJAC0001,8107,1956,7,56,Y
IDCJAC0001,8107,1956,8,11.9,Y
IDCJAC0001,8107,1956,9,1.3,Y
IDCJAC0001,8107,1956,10,10.8,Y
IDCJAC0001,8107,1956,11,6.1,Y
IDCJAC0001,8107,1956,12,2,Y
IDCJAC0001,8107,1957,1,49.3,Y
IDCJAC0001,8107,1957,2,0,Y
IDCJAC0001,8107,1957,3,4.6,Y
IDCJAC0001,8107,1957,4,4.3,Y
IDCJAC0001,8107,1957,5,18.3,Y
IDCJAC0001,8107,1957,6,110.8,Y
IDCJAC0001,8107,1957,7,15.7,Y
IDCJAC0001,8107,1957,8,50.5,Y
IDCJAC0001,8107,1957,9,5.6,Y
IDCJAC0001,8107,1957,10,5.1,Y
IDCJAC0001,8107,1957,11,0,Y
IDCJAC0001,8107,1957,12,5.8,Y
IDCJAC0001,8107,1958,1,47.8,Y
IDCJAC0001,8107,1958,2,4.3,Y
IDCJAC0001,8107,1958,3,6.4,Y
IDCJAC0001,8107,1958,4,1.5,Y
IDCJAC0001,8107,1958,5,82.2,Y
IDCJAC0001,8107,1958,6,47.8,Y
IDCJAC0001,8107,1958,7,146.4,Y
IDCJAC0001,8107,1958,8,113.1,Y
IDCJAC0001,8107,1958,9,43.1,Y
IDCJAC0001,8107,1958,10,6.9,Y
IDCJAC0001,8107,1958,11,11.2,Y
IDCJAC0001,8107,1958,12,18.3,Y
IDCJAC0001,8107,1959,1,0,Y
IDCJAC0001,8107,1959,2,0,Y
IDCJAC0001,8107,1959,3,18.6,Y
IDCJAC0001,8107,1959,4,4.1,Y
IDCJAC0001,8107,1959,5,11.2,Y
IDCJAC0001,8107,1959,6,116.8,Y
IDCJAC0001,8107,1959,7,21.2,Y
IDCJAC0001,8107,1959,8,68.1,Y
IDCJAC0001,8107,1959,9,2,Y
IDCJAC0001,8107,1959,10,19.8,Y
IDCJAC0001,8107,1959,11,6.1,Y
IDCJAC0001,8107,1959,12,1.5,Y
IDCJAC0001,8107,1960,1,3.8,Y
IDCJAC0001,8107,1960,2,15.2,Y
IDCJAC0001,8107,1960,3,79.5,Y
IDCJAC0001,8107,1960,4,5.1,Y
IDCJAC0001,8107,1960,5,73.5,Y
IDCJAC0001,8107,1960,6,29.8,Y
IDCJAC0001,8107,1960,7,87.6,Y
IDCJAC0001,8107,1960,8,6.8,Y
IDCJAC0001,8107,1960,9,25.2,Y
IDCJAC0001,8107,1960,10,8.9,Y
IDCJAC0001,8107,1960,11,3,Y
IDCJAC0001,8107,1960,12,0,Y
IDCJAC0001,8107,1961,1,29.2,Y
IDCJAC0001,8107,1961,2,0,Y
IDCJAC0001,8107,1961,3,2.1,Y
IDCJAC0001,8107,1961,4,124.2,Y
IDCJAC0001,8107,1961,5,30.7,Y
IDCJAC0001,8107,1961,6,100.9,Y
IDCJAC0001,8107,1961,7,38.3,Y
IDCJAC0001,8107,1961,8,33.6,Y
IDCJAC0001,8107,1961,9,4.8,Y
IDCJAC0001,8107,1961,10,3.8,Y
IDCJAC0001,8107,1961,11,0,Y
IDCJAC0001,8107,1961,12,2.8,Y
IDCJAC0001,8107,1962,1,7.1,Y
IDCJAC0001,8107,1962,2,3.8,Y
IDCJAC0001,8107,1962,3,4.8,Y
IDCJAC0001,8107,1962,4,11.4,Y
IDCJAC0001,8107,1962,5,151.8,Y
IDCJAC0001,8107,1962,6,56.8,Y
IDCJAC0001,8107,1962,7,36,Y
IDCJAC0001,8107,1962,8,16.5,Y
IDCJAC0001,8107,1962,9,15.7,Y
IDCJAC0001,8107,1962,10,22.1,Y
IDCJAC0001,8107,1962,11,6.6,Y
IDCJAC0001,8107,1962,12,19.6,Y
IDCJAC0001,8107,1963,1,34.7,Y
IDCJAC0001,8107,1963,2,9.4,Y
IDCJAC0001,8107,1963,3,23.7,Y
IDCJAC0001,8107,1963,4,43.7,Y
IDCJAC0001,8107,1963,5,90.2,Y
IDCJAC0001,8107,1963,6,79.4,Y
IDCJAC0001,8107,1963,7,88.2,Y
IDCJAC0001,8107,1963,8,75.7,Y
IDCJAC0001,8107,1963,9,15.8,Y
IDCJAC0001,8107,1963,10,2.5,Y
IDCJAC0001,8107,1963,11,7.9,Y
IDCJAC0001,8107,1963,12,4.8,Y
IDCJAC0001,8107,1964,1,11.4,Y
IDCJAC0001,8107,1964,2,24.2,Y
IDCJAC0001,8107,1964,3,6.1,Y
IDCJAC0001,8107,1964,4,27.6,Y
IDCJAC0001,8107,1964,5,1.3,Y
IDCJAC0001,8107,1964,6,106.3,Y
IDCJAC0001,8107,1964,7,90,Y
IDCJAC0001,8107,1964,8,50.7,Y
IDCJAC0001,8107,1964,9,20.8,Y
IDCJAC0001,8107,1964,10,12.5,Y
IDCJAC0001,8107,1964,11,19.6,Y
IDCJAC0001,8107,1964,12,3.3,Y
IDCJAC0001,8107,1965,1,6,Y
IDCJAC0001,8107,1965,2,0,Y
IDCJAC0001,8107,1965,3,25.7,Y
IDCJAC0001,8107,1965,4,2.6,Y
IDCJAC0001,8107,1965,5,52.8,Y
IDCJAC0001,8107,1965,6,135.2,Y
IDCJAC0001,8107,1965,7,59.4,Y
IDCJAC0001,8107,1965,8,47.2,Y
IDCJAC0001,8107,1965,9,9.1,Y
IDCJAC0001,8107,1965,10,20.4,Y
IDCJAC0001,8107,1965,11,42.6,Y
IDCJAC0001,8107,1965,12,0,Y
IDCJAC0001,8107,1966,1,0,Y
IDCJAC0001,8107,1966,2,13.2,Y
IDCJAC0001,8107,1966,3,0,Y
IDCJAC0001,8107,1966,4,126.9,Y
IDCJAC0001,8107,1966,5,4.5,Y
IDCJAC0001,8107,1966,6,69.5,Y
IDCJAC0001,8107,1966,7,42.1,Y
IDCJAC0001,8107,1966,8,37.3,Y
IDCJAC0001,8107,1966,9,29.5,Y
IDCJAC0001,8107,1966,10,38.1,Y
IDCJAC0001,8107,1966,11,5.9,Y
IDCJAC0001,8107,1966,12,0,Y
IDCJAC0001,8107,1967,1,23.6,Y
IDCJAC0001,8107,1967,2,7.6,Y
IDCJAC0001,8107,1967,3,0,Y
IDCJAC0001,8107,1967,4,10.6,Y
IDCJAC0001,8107,1967,5,65.3,Y
IDCJAC0001,8107,1967,6,95.7,Y
IDCJAC0001,8107,1967,7,60.1,Y
IDCJAC0001,8107,1967,8,26.3,Y
IDCJAC0001,8107,1967,9,7.1,Y
IDCJAC0001,8107,1967,10,1.8,Y
IDCJAC0001,8107,1967,11,0,Y
IDCJAC0001,8107,1967,12,11.4,Y
IDCJAC0001,8107,1968,1,49.8,Y
IDCJAC0001,8107,1968,2,1,Y
IDCJAC0001,8107,1968,3,26.5,Y
IDCJAC0001,8107,1968,4,50.4,Y
IDCJAC0001,8107,1968,5,47.3,Y
IDCJAC0001,8107,1968,6,152.7,Y
IDCJAC0001,8107,1968,7,35.7,Y
IDCJAC0001,8107,1968,8,29.6,Y
IDCJAC0001,8107,1968,9,34.3,Y
IDCJAC0001,8107,1968,10,5.4,Y
IDCJAC0001,8107,1968,11,9.1,Y
IDCJAC0001,8107,1968,12,0,Y
IDCJAC0001,8107,1969,1,1.3,Y
IDCJAC0001,8107,1969,2,0,Y
IDCJAC0001,8107,1969,3,0,Y
IDCJAC0001,8107,1969,4,9.2,Y
IDCJAC0001,8107,1969,5,54.4,Y
IDCJAC0001,8107,1969,6,48.8,Y
IDCJAC0001,8107,1969,7,45.5,Y
IDCJAC0001,8107,1969,8,15,Y
IDCJAC0001,8107,1969,9,21.6,Y
IDCJAC0001,8107,1969,10,5.8,Y
IDCJAC0001,8107,1969,11,16.7,Y
IDCJAC0001,8107,1969,12,2,Y
IDCJAC0001,8107,1970,1,0,Y
IDCJAC0001,8107,1970,2,116.9,Y
IDCJAC0001,8107,1970,3,0,Y
IDCJAC0001,8107,1970,4,26.4,Y
IDCJAC0001,8107,1970,5,33.9,Y
IDCJAC0001,8107,1970,6,79.1,Y
IDCJAC0001,8107,1970,7,25.9,Y
IDCJAC0001,8107,1970,8,21.1,Y
IDCJAC0001,8107,1970,9,48.8,Y
IDCJAC0001,8107,1970,10,15.3,Y
IDCJAC0001,8107,1970,11,1.5,Y
IDCJAC0001,8107,1970,12,17.8,Y
IDCJAC0001,8107,1971,1,11.7,Y
IDCJAC0001,8107,1971,2,32.5,Y
IDCJAC0001,8107,1971,3,167.2,Y
IDCJAC0001,8107,1971,4,3.6,Y
IDCJAC0001,8107,1971,5,17.8,Y
IDCJAC0001,8107,1971,6,34.3,Y
IDCJAC0001,8107,1971,7,19.3,Y
IDCJAC0001,8107,1971,8,53,Y
IDCJAC0001,8107,1971,9,19.4,Y
IDCJAC0001,8107,1971,10,19.7,Y
IDCJAC0001,8107,1971,11,7.3,Y
IDCJAC0001,8107,1971,12,0,Y
IDCJAC0001,8107,1972,1,0.5,Y
IDCJAC0001,8107,1972,2,0,Y
IDCJAC0001,8107,1972,3,0,Y
IDCJAC0001,8107,1972,4,0.8,Y
IDCJAC0001,8107,1972,5,26.1,Y
IDCJAC0001,8107,1972,6,53.5,Y
IDCJAC0001,8107,1972,8,53.2,Y
IDCJAC0001,8107,1972,9,7,Y
IDCJAC0001,8107,1972,10,4.6,Y
IDCJAC0001,8107,1972,11,0,Y
IDCJAC0001,8107,1972,12,3.6,Y
IDCJAC0001,8107,1973,1,3.3,Y
IDCJAC0001,8107,1973,2,1.3,Y
IDCJAC0001,8107,1973,3,0,Y
IDCJAC0001,8107,1973,4,8.2,Y
IDCJAC0001,8107,1973,5,16.7,Y
IDCJAC0001,8107,1973,6,54.1,Y
IDCJAC0001,8107,1973,7,72.8,Y
IDCJAC0001,8107,1973,8,37.8,Y
IDCJAC0001,8107,1973,9,58.6,Y
IDCJAC0001,8107,1973,10,10.4,Y
IDCJAC0001,8107,1973,11,11.7,Y
IDCJAC0001,8107,1973,12,1.5,Y
IDCJAC0001,8107,1974,1,13,Y
IDCJAC0001,8107,1974,2,26,Y
IDCJAC0001,8107,1974,3,7.2,Y
IDCJAC0001,8107,1974,4,17.4,Y
IDCJAC0001,8107,1974,5,120.6,Y
IDCJAC0001,8107,1974,6,58.6,Y
IDCJAC0001,8107,1974,7,65,Y
IDCJAC0001,8107,1974,8,50.8,Y
IDCJAC0001,8107,1974,9,22,Y
IDCJAC0001,8107,1974,10,16,Y
IDCJAC0001,8107,1974,11,1.6,Y
IDCJAC0001,8107,1974,12,1,Y
IDCJAC0001,8107,1975,1,0,Y
IDCJAC0001,8107,1975,2,7,Y
IDCJAC0001,8107,1975,3,34,Y
IDCJAC0001,8107,1975,4,100,Y
IDCJAC0001,8107,1975,5,44.5,Y
IDCJAC0001,8107,1975,6,56.1,Y
IDCJAC0001,8107,1975,7,73,Y
IDCJAC0001,8107,1975,8,18.6,Y
IDCJAC0001,8107,1975,9,16,Y
IDCJAC0001,8107,1975,10,47.4,Y
IDCJAC0001,8107,1975,11,3.4,Y
IDCJAC0001,8107,1975,12,32.2,Y
IDCJAC0001,8107,1976,1,11,Y
IDCJAC0001,8107,1976,2,13,Y
IDCJAC0001,8107,1976,3,0,Y
IDCJAC0001,8107,1976,4,16,Y
IDCJAC0001,8107,1976,5,27,Y
IDCJAC0001,8107,1976,6,19.8,Y
IDCJAC0001,8107,1976,7,8,Y
IDCJAC0001,8107,1976,8,40,Y
IDCJAC0001,8107,1976,9,13,Y
IDCJAC0001,8107,1976,10,35.2,Y
IDCJAC0001,8107,1976,11,13.1,Y
IDCJAC0001,8107,1976,12,0,Y
IDCJAC0001,8107,1977,1,1.6,Y
IDCJAC0001,8107,1977,2,0,Y
IDCJAC0001,8107,1977,3,1,Y
IDCJAC0001,8107,1977,4,27,Y
IDCJAC0001,8107,1977,5,33.7,Y
IDCJAC0001,8107,1977,6,34.8,Y
IDCJAC0001,8107,1977,7,14,Y
IDCJAC0001,8107,1977,8,45,Y
IDCJAC0001,8107,1977,9,2.6,Y
IDCJAC0001,8107,1977,10,38,Y
IDCJAC0001,8107,1977,11,6,Y
IDCJAC0001,8107,1977,12,19.6,Y
IDCJAC0001,8107,1978,1,32.6,Y
IDCJAC0001,8107,1978,2,60,Y
IDCJAC0001,8107,1978,3,0,Y
IDCJAC0001,8107,1978,4,8.4,Y
IDCJAC0001,8107,1978,5,17.6,Y
IDCJAC0001,8107,1978,6,30,Y
IDCJAC0001,8107,1978,7,111.2,Y
IDCJAC0001,8107,1978,8,41.4,Y
IDCJAC0001,8107,1978,9,34,Y
IDCJAC0001,8107,1978,10,6.4,Y
IDCJAC0001,8107,1978,11,5.8,Y
IDCJAC0001,8107,1978,12,43,Y
IDCJAC0001,8107,1979,1,0,Y
IDCJAC0001,8107,1979,2,8,Y
IDCJAC0001,8107,1979,3,26,Y
IDCJAC0001,8107,1979,4,16,Y
IDCJAC0001,8107,1979,5,14.9,Y
IDCJAC0001,8107,1979,6,33.4,Y
IDCJAC0001,8107,1979,7,11.3,Y
IDCJAC0001,8107,1979,8,42.3,Y
IDCJAC0001,8107,1979,9,0,Y
IDCJAC0001,8107,1979,10,0,Y
IDCJAC0001,8107,1979,11,9.2,Y
IDCJAC0001,8107,1979,12,14.4,Y
IDCJAC0001,8107,1980,1,7.6,Y
IDCJAC0001,8107,1980,2,8.1,Y
IDCJAC0001,8107,1980,3,0,Y
IDCJAC0001,8107,1980,4,22.8,Y
IDCJAC0001,8107,1980,5,51.8,Y
IDCJAC0001,8107,1980,6,49.1,Y
IDCJAC0001,8107,1980,7,51.1,Y
IDCJAC0001,8107,1980,8,23.7,Y
IDCJAC0001,8107,1980,9,2.7,Y
IDCJAC0001,8107,1980,10,6.4,Y
IDCJAC0001,8107,1980,11,0,Y
IDCJAC0001,8107,1980,12,0,Y
IDCJAC0001,8107,1981,1,32,Y
IDCJAC0001,8107,1981,2,35,Y
IDCJAC0001,8107,1981,3,0,Y
IDCJAC0001,8107,1981,4,1.6,Y
IDCJAC0001,8107,1981,5,63,Y
IDCJAC0001,8107,1981,6,67.6,Y
IDCJAC0001,8107,1981,7,58.7,Y
IDCJAC0001,8107,1981,8,47.5,Y
IDCJAC0001,8107,1981,9,11.6,Y
IDCJAC0001,8107,1981,10,6,Y
IDCJAC0001,8107,1981,11,19.2,Y
IDCJAC0001,8107,1981,12,17,Y
IDCJAC0001,8107,1982,1,35.2,Y
IDCJAC0001,8107,1982,2,2.8,Y
IDCJAC0001,8107,1982,3,6.8,Y
IDCJAC0001,8107,1982,4,8.6,Y
IDCJAC0001,8107,1982,5,18.8,Y
IDCJAC0001,8107,1982,6,81.3,Y
IDCJAC0001,8107,1982,7,18.9,Y
IDCJAC0001,8107,1982,8,19.8,Y
IDCJAC0001,8107,1982,9,38.4,Y
IDCJAC0001,8107,1982,10,18,Y
IDCJAC0001,8107,1982,11,1,Y
IDCJAC0001,8107,1982,12,8.2,Y
IDCJAC0001,8107,1983,1,0.6,Y
IDCJAC0001,8107,1983,2,18.2,Y
IDCJAC0001,8107,1983,3,9,Y
IDCJAC0001,8107,1983,4,15.1,Y
IDCJAC0001,8107,1983,5,7.4,Y
IDCJAC0001,8107,1983,6,90.4,Y
IDCJAC0001,8107,1983,7,62.9,Y
IDCJAC0001,8107,1983,8,47.6,Y
IDCJAC0001,8107,1983,9,35.4,Y
IDCJAC0001,8107,1983,10,1,Y
IDCJAC0001,8107,1983,11,45,Y
IDCJAC0001,8107,1983,12,43.4,Y
IDCJAC0001,8107,1984,1,6.1,Y
IDCJAC0001,8107,1984,2,18.2,Y
IDCJAC0001,8107,1984,3,81.6,Y
IDCJAC0001,8107,1984,4,75.2,Y
IDCJAC0001,8107,1984,5,161.7,Y
IDCJAC0001,8107,1984,6,15.8,Y
IDCJAC0001,8107,1984,7,39.8,Y
IDCJAC0001,8107,1984,8,22.3,Y
IDCJAC0001,8107,1984,9,19.8,Y
IDCJAC0001,8107,1984,10,20.2,Y
IDCJAC0001,8107,1984,11,32.2,Y
IDCJAC0001,8107,1984,12,3.6,Y
IDCJAC0001,8107,1985,1,0,Y
IDCJAC0001,8107,1985,2,25.4,Y
IDCJAC0001,8107,1985,3,15,Y
IDCJAC0001,8107,1985,4,0,Y
IDCJAC0001,8107,1985,5,29.2,Y
IDCJAC0001,8107,1985,6,35,Y
IDCJAC0001,8107,1985,7,67.1,Y
IDCJAC0001,8107,1985,8,30.3,Y
IDCJAC0001,8107,1985,9,20.6,Y
IDCJAC0001,8107,1985,10,10,Y
IDCJAC0001,8107,1985,11,3,Y
IDCJAC0001,8107,1985,12,4.4,Y
IDCJAC0001,8107,1986,1,8,Y
IDCJAC0001,8107,1986,2,50.2,Y
IDCJAC0001,8107,1986,3,14,Y
IDCJAC0001,8107,1986,4,0,Y
IDCJAC0001,8107,1986,5,81.8,Y
IDCJAC0001,8107,1986,6,80.2,Y
IDCJAC0001,8107,1986,7,41.4,Y
IDCJAC0001,8107,1986,8,39.6,Y
IDCJAC0001,8107,1986,9,18,Y
IDCJAC0001,8107,1986,10,15.8,Y
IDCJAC0001,8107,1986,11,0,Y
IDCJAC0001,8107,1986,12,2.4,Y
IDCJAC0001,8107,1987,1,1.4,Y
IDCJAC0001,8107,1987,2,2.8,Y
IDCJAC0001,8107,1987,3,21,Y
IDCJAC0001,8107,1987,4,18.4,Y
IDCJAC0001,8107,1987,5,37,Y
IDCJAC0001,8107,1987,6,39,Y
IDCJAC0001,8107,1987,7,47.4,Y
IDCJAC0001,8107,1987,8,36.9,Y
IDCJAC0001,8107,1987,9,5.2,Y
IDCJAC0001,8107,1987,10,16.8,Y
IDCJAC0001,8107,1987,11,15.4,Y
IDCJAC0001,8107,1987,12,4.2,Y
IDCJAC0001,8107,1988,1,0,Y
IDCJAC0001,8107,1988,2,14,Y
IDCJAC0001,8107,1988,3,27.1,Y
IDCJAC0001,8107,1988,4,53,Y
IDCJAC0001,8107,1988,5,146.2,Y
IDCJAC0001,8107,1988,6,37.1,Y
IDCJAC0001,8107,1988,7,59.3,Y
IDCJAC0001,8107,1988,8,47.7,Y
IDCJAC0001,8107,1988,9,17.4,Y
IDCJAC0001,8107,1988,10,11,Y
IDCJAC0001,8107,1988,11,7.4,Y
IDCJAC0001,8107,1988,12,41.7,Y
IDCJAC0001,8107,1989,1,4.2,Y
IDCJAC0001,8107,1989,2,22.4,Y
IDCJAC0001,8107,1989,3,1.2,Y
IDCJAC0001,8107,1989,4,35.3,Y
IDCJAC0001,8107,1989,5,84.2,Y
IDCJAC0001,8107,1989,6,109.4,Y
IDCJAC0001,8107,1989,7,18.6,Y
IDCJAC0001,8107,1989,8,17.4,Y
IDCJAC0001,8107,1989,9,6.8,Y
IDCJAC0001,8107,1989,10,15.7,Y
IDCJAC0001,8107,1989,11,0,Y
IDCJAC0001,8107,1989,12,0,Y
IDCJAC0001,8107,1990,1,22.2,Y
IDCJAC0001,8107,1990,2,24.4,Y
IDCJAC0001,8107,1990,3,10.4,Y
IDCJAC0001,8107,1990,4,20.4,Y
IDCJAC0001,8107,1990,5,24.2,Y
IDCJAC0001,8107,1990,6,36.6,Y
IDCJAC0001,8107,1990,7,52.4,Y
IDCJAC0001,8107,1990,8,33.4,Y
IDCJAC0001,8107,1990,9,14.2,Y
IDCJAC0001,8107,1990,10,74,Y
IDCJAC0001,8107,1990,11,0,Y
IDCJAC0001,8107,1990,12,2.2,Y
IDCJAC0001,8107,1991,1,36,Y
IDCJAC0001,8107,1991,2,0,Y
IDCJAC0001,8107,1991,3,3.8,Y
IDCJAC0001,8107,1991,4,8.8,Y
IDCJAC0001,8107,1991,5,14.4,Y
IDCJAC0001,8107,1991,6,29,Y
IDCJAC0001,8107,1991,7,34.8,Y
IDCJAC0001,8107,1991,8,16,Y
IDCJAC0001,8107,1991,9,7.6,Y
IDCJAC0001,8107,1991,10,8.4,Y
IDCJAC0001,8107,1991,11,16.4,Y
IDCJAC0001,8107,1991,12,23.6,Y
IDCJAC0001,8107,1992,1,15.6,Y
IDCJAC0001,8107,1992,2,6.6,Y
IDCJAC0001,8107,1992,3,42,Y
IDCJAC0001,8107,1992,4,37.6,Y
IDCJAC0001,8107,1992,5,3,Y
IDCJAC0001,8107,1992,6,68.8,Y
IDCJAC0001,8107,1992,7,15.4,Y
IDCJAC0001,8107,1992,8,111.2,Y
IDCJAC0001,8107,1992,9,43.7,Y
IDCJAC0001,8107,1992,10,2,Y
IDCJAC0001,8107,1992,11,5.8,Y
IDCJAC0001,8107,1992,12,2.4,Y
IDCJAC0001,8107,1993,1,24.4,Y
IDCJAC0001,8107,1993,2,0.4,Y
IDCJAC0001,8107,1993,3,0,Y
IDCJAC0001,8107,1993,4,119,Y
IDCJAC0001,8107,1993,5,33.3,Y
IDCJAC0001,8107,1993,6,55,Y
IDCJAC0001,8107,1993,7,33.4,Y
IDCJAC0001,8107,1993,8,31,Y
IDCJAC0001,8107,1993,9,23.2,Y
IDCJAC0001,8107,1993,10,8.2,Y
IDCJAC0001,8107,1993,11,23.2,Y
IDCJAC0001,8107,1993,12,0,Y
IDCJAC0001,8107,1994,1,0,Y
IDCJAC0001,8107,1994,2,59,Y
IDCJAC0001,8107,1994,3,0,Y
IDCJAC0001,8107,1994,4,0,Y
IDCJAC0001,8107,1994,5,68.4,Y
IDCJAC0001,8107,1994,6,31.8,Y
IDCJAC0001,8107,1994,7,21.2,Y
IDCJAC0001,8107,1994,8,52.2,Y
IDCJAC0001,8107,1994,9,16.8,Y
IDCJAC0001,8107,1994,10,3,Y
IDCJAC0001,8107,1994,11,0,Y
IDCJAC0001,8107,1994,12,0,Y
IDCJAC0001,8107,1995,1,10,Y
IDCJAC0001,8107,1995,2,42.8,Y
IDCJAC0001,8107,1995,3,12.6,Y
IDCJAC0001,8107,1995,4,40.6,Y
IDCJAC0001,8107,1995,5,31.8,Y
IDCJAC0001,8107,1995,6,61.8,Y
IDCJAC0001,8107,1995,7,83.2,Y
IDCJAC0001,8107,1995,8,14.8,Y
IDCJAC0001,8107,1995,9,28.6,Y
IDCJAC0001,8107,1995,10,9,Y
IDCJAC0001,8107,1995,11,4.6,Y
IDCJAC0001,8107,1995,12,6.4,Y
IDCJAC0001,8107,1996,1,0,Y
IDCJAC0001,8107,1996,2,12,Y
IDCJAC0001,8107,1996,3,0,Y
IDCJAC0001,8107,1996,4,29.6,Y
IDCJAC0001,8107,1996,5,18,Y
IDCJAC0001,8107,1996,6,76.2,Y
IDCJAC0001,8107,1996,7,111.4,Y
IDCJAC0001,8107,1996,8,59.8,Y
IDCJAC0001,8107,1996,9,26,Y
IDCJAC0001,8107,1996,10,8.6,Y
IDCJAC0001,8107,1996,11,16.6,Y
IDCJAC0001,8107,1996,12,4.2,Y
IDCJAC0001,8107,1997,1,1,Y
IDCJAC0001,8107,1997,2,31.6,Y
IDCJAC0001,8107,1997,3,0,Y
IDCJAC0001,8107,1997,4,74.6,Y
IDCJAC0001,8107,1997,5,38.8,Y
IDCJAC0001,8107,1997,6,18.4,Y
IDCJAC0001,8107,1997,7,32.6,Y
IDCJAC0001,8107,1997,8,68.2,Y
IDCJAC0001,8107,1997,9,24.8,Y
IDCJAC0001,8107,1997,10,10.8,Y
IDCJAC0001,8107,1997,11,12.4,Y
IDCJAC0001,8107,1997,12,0,Y
IDCJAC0001,8107,1998,1,0,Y
IDCJAC0001,8107,1998,2,0,Y
IDCJAC0001,8107,1998,3,5,Y
IDCJAC0001,8107,1998,4,1.4,Y
IDCJAC0001,8107,1998,5,87.2,Y
IDCJAC0001,8107,1998,6,69.8,Y
IDCJAC0001,8107,1998,7,70.8,Y
IDCJAC0001,8107,1998,8,33,Y
IDCJAC0001,8107,1998,9,12.6,Y
IDCJAC0001,8107,1998,10,5.4,Y
IDCJAC0001,8107,1998,11,15.4,Y
IDCJAC0001,8107,1998,12,25.8,Y
IDCJAC0001,8107,1999,1,0,Y
IDCJAC0001,8107,1999,2,0,Y
IDCJAC0001,8107,1999,3,124.4,Y
IDCJAC0001,8107,1999,4,4.6,Y
IDCJAC0001,8107,1999,5,233.4,Y
IDCJAC0001,8107,1999,6,37.4,Y
IDCJAC0001,8107,1999,7,54.8,Y
IDCJAC0001,8107,1999,8,18,Y
IDCJAC0001,8107,1999,9,43,Y
IDCJAC0001,8107,1999,10,19.6,Y
IDCJAC0001,8107,1999,11,7.4,Y
IDCJAC0001,8107,1999,12,15.8,Y
IDCJAC0001,8107,2000,1,59.4,Y
IDCJAC0001,8107,2000,2,0,Y
IDCJAC0001,8107,2000,3,126.8,Y
IDCJAC0001,8107,2000,4,3.6,Y
IDCJAC0001,8107,2000,5,4.2,Y
IDCJAC0001,8107,2000,6,17.2,Y
IDCJAC0001,8107,2000,7,47.4,Y
IDCJAC0001,8107,2000,8,30.8,Y
IDCJAC0001,8107,2000,9,19.6,Y
IDCJAC0001,8107,2000,10,1,Y
IDCJAC0001,8107,2000,11,1.2,Y
IDCJAC0001,8107,2000,12,6.4,Y
IDCJAC0001,8107,2001,1,99.2,Y
IDCJAC0001,8107,2001,2,36.2,Y
IDCJAC0001,8107,2001,3,38,Y
IDCJAC0001,8107,2001,4,0,Y
IDCJAC0001,8107,2001,5,32,Y
IDCJAC0001,8107,2001,6,6,Y
IDCJAC0001,8107,2001,7,55.4,Y
IDCJAC0001,8107,2001,9,33.2,Y
IDCJAC0001,8107,2001,10,17.4,Y
IDCJAC0001,8107,2001,11,31.4,Y
IDCJAC0001,8107,2001,12,0,Y
IDCJAC0001,8107,2002,1,6.6,Y
IDCJAC0001,8107,2002,2,0,Y
IDCJAC0001,8107,2002,3,20.8,Y
IDCJAC0001,8107,2002,4,32.5,Y
IDCJAC0001,8107,2002,5,13.4,Y
IDCJAC0001,8107,2002,6,28.4,Y
IDCJAC0001,8107,2002,7,33.4,Y
IDCJAC0001,8107,2002,8,23.4,Y
IDCJAC0001,8107,2002,9,9.2,Y
IDCJAC0001,8107,2002,10,13.5,Y
IDCJAC0001,8107,2002,11,1.8,Y
IDCJAC0001,8107,2002,12,37.8,Y
IDCJAC0001,8107,2003,1,0,Y
IDCJAC0001,8107,2003,2,0,Y
IDCJAC0001,8107,2003,3,14.2,Y
IDCJAC0001,8107,2003,4,8.6,Y
IDCJAC0001,8107,2003,5,49.2,Y
IDCJAC0001,8107,2003,6,28.4,Y
IDCJAC0001,8107,2003,7,29,Y
IDCJAC0001,8107,2003,8,64.4,Y
IDCJAC0001,8107,2003,9,23.4,Y
IDCJAC0001,8107,2003,10,3,Y
IDCJAC0001,8107,2003,11,5.1,Y
IDCJAC0001,8107,2003,12,0,Y
IDCJAC0001,8107,2004,1,0,Y
IDCJAC0001,8107,2004,2,41.6,Y
IDCJAC0001,8107,2004,3,0,Y
IDCJAC0001,8107,2004,4,13.2,Y
IDCJAC0001,8107,2004,5,32.8,Y
IDCJAC0001,8107,2004,6,36.7,Y
IDCJAC0001,8107,2004,8,21.6,Y
IDCJAC0001,8107,2004,9,33,Y
IDCJAC0001,8107,2004,11,5,Y
IDCJAC0001,8107,2004,12,0,Y
IDCJAC0001,8107,2005,1,0,Y
IDCJAC0001,8107,2005,2,1.5,Y
IDCJAC0001,8107,2005,3,44.6,Y
IDCJAC0001,8107,2005,4,13,Y
IDCJAC0001,8107,2005,5,80.3,Y
IDCJAC0001,8107,2005,6,76.2,Y
IDCJAC0001,8107,2005,7,5.2,Y
IDCJAC0001,8107,2005,8,47.7,Y
IDCJAC0001,8107,2005,9,28.6,Y
IDCJAC0001,8107,2005,10,7.9,Y
IDCJAC0001,8107,2005,11,0,Y
IDCJAC0001,8107,2005,12,0,Y
IDCJAC0001,8107,2006,1,127,Y
IDCJAC0001,8107,2006,2,6.8,Y
IDCJAC0001,8107,2006,3,0.8,Y
IDCJAC0001,8107,2006,4,28,Y
IDCJAC0001,8107,2006,5,1.6,Y
IDCJAC0001,8107,2006,6,10,Y
IDCJAC0001,8107,2006,7,12.7,Y
IDCJAC0001,8107,2006,8,20.3,Y
IDCJAC0001,8107,2006,9,20.8,Y
IDCJAC0001,8107,2006,10,0,Y
IDCJAC0001,8107,2006,11,0.4,Y
IDCJAC0001,8107,2007,1,7.5,Y
IDCJAC0001,8107,2007,2,8,Y
IDCJAC0001,8107,2007,3,12.5,Y
IDCJAC0001,8107,2007,4,1.8,Y
IDCJAC0001,8107,2007,5,15.7,Y
IDCJAC0001,8107,2007,6,10.9,Y
IDCJAC0001,8107,2007,7,36.1,Y
IDCJAC0001,8107,2007,8,7.9,Y
IDCJAC0001,8107,2007,10,8.6,Y
IDCJAC0001,8107,2007,11,1.3,Y
IDCJAC0001,8107,2007,12,0.6,Y
IDCJAC0001,8107,2008,1,0,Y
IDCJAC0001,8107,2008,2,66.8,Y
IDCJAC0001,8107,2008,3,0,Y
IDCJAC0001,8107,2008,4,22.6,Y
IDCJAC0001,8107,2008,5,0.5,Y
IDCJAC0001,8107,2008,6,26.2,Y
IDCJAC0001,8107,2008,7,42.3,Y
IDCJAC0001,8107,2008,8,10.3,Y
IDCJAC0001,8107,2008,9,13.2,Y
IDCJAC0001,8107,2008,10,18.6,Y
IDCJAC0001,8107,2008,11,5.4,Y
IDCJAC0001,8107,2008,12,0.8,Y
IDCJAC0001,8107,2009,1,52.2,Y
IDCJAC0001,8107,2009,2,7,Y
IDCJAC0001,8107,2009,3,12,Y
IDCJAC0001,8107,2009,4,7.2,Y
IDCJAC0001,8107,2009,5,25.8,Y
IDCJAC0001,8107,2009,7,43.4,Y
IDCJAC0001,8107,2009,8,24.4,Y
IDCJAC0001,8107,2009,9,23.8,Y
IDCJAC0001,8107,2009,10,5,Y
IDCJAC0001,8107,2009,11,12.8,Y
IDCJAC0001,8107,2009,12,11.8,Y
IDCJAC0001,8107,2010,1,0,Y
IDCJAC0001,8107,2010,2,0,Y
IDCJAC0001,8107,2010,3,17.8,N
IDCJAC0001,8107,2010,4,9.2,N
IDCJAC0001,8107,2010,5,9.4,N
IDCJAC0001,8107,2010,6,9.5,N
IDCJAC0001,8107,2010,7,35,N
IDCJAC0001,8107,2010,8,48,Y
IDCJAC0001,8107,2010,9,16,N
IDCJAC0001,8107,2010,10,0,Y
IDCJAC0001,8107,2010,11,0,Y
IDCJAC0001,8107,2010,12,19,N
IDCJAC0001,8107,2011,2,1.5,Y
IDCJAC0001,8107,2011,3,15.5,Y
IDCJAC0001,8107,2011,4,4,Y
IDCJAC0001,8107,2011,5,39.5,Y
IDCJAC0001,8107,2011,6,61.5,Y
IDCJAC0001,8107,2011,7,70,Y
IDCJAC0001,8107,2011,8,51.5,Y
IDCJAC0001,8107,2011,10,41.8,Y
IDCJAC0001,8107,2011,11,4,Y
IDCJAC0001,8107,2011,12,10,Y
IDCJAC0001,8107,2012,1,5,N
IDCJAC0001,8107,2012,9,19.2,Y
IDCJAC0001,8107,2013,3,43.7,Y
IDCJAC0001,8107,2013,4,19.8,Y
IDCJAC0001,8107,2013,5,56.2,N
IDCJAC0001,8107,2013,6,2.9,Y
IDCJAC0001,8107,2013,7,36.6,N
IDCJAC0001,8107,2013,8,36.8,Y
IDCJAC0001,8107,2013,10,2,Y
IDCJAC0001,8107,2014,11,3.2,Y
IDCJAC0001,8107,2015,2,44.5,Y
IDCJAC0001,8107,2015,3,60.7,Y
IDCJAC0001,8107,2015,4,20.7,Y
IDCJAC0001,8107,2015,5,15.4,Y
IDCJAC0001,8107,2015,8,66.3,Y
IDCJAC0001,8107,2015,9,2.8,Y
IDCJAC0001,8107,2015,10,0,Y
IDCJAC0001,8107,2015,11,12,Y
IDCJAC0001,8107,2015,12,0,Y
IDCJAC0001,8107,2016,1,25.3,Y
IDCJAC0001,8107,2016,2,0,Y
IDCJAC0001,8107,2016,3,29.3,Y
IDCJAC0001,8107,2016,4,42.9,Y
IDCJAC0001,8107,2016,5,29.4,Y
IDCJAC0001,8107,2016,6,28.8,Y
IDCJAC0001,8107,2017,1,16.2,Y
IDCJAC0001,8107,2017,2,61.5,Y
IDCJAC0001,8107,2017,3,2.6,Y
IDCJAC0001,8107,2017,4,4.4,Y
IDCJAC0001,8107,2017,5,9.8,Y
IDCJAC0001,8107,2017,6,4.6,Y
IDCJAC0001,8107,2017,7,17.3,Y
IDCJAC0001,8107,2017,8,56.7,Y
IDCJAC0001,8107,2017,9,17,Y
IDCJAC0001,8107,2017,10,4.8,Y
IDCJAC0001,8107,2017,11,0,Y
IDCJAC0001,8107,2017,12,4,Y
IDCJAC0001,8107,2018,1,55,Y
IDCJAC0001,8107,2018,2,15,Y
IDCJAC0001,8107,2018,3,13,Y
IDCJAC0001,8107,2018,4,0,Y
IDCJAC0001,8107,2018,5,28.4,Y
IDCJAC0001,8107,2018,6,32.6,Y
IDCJAC0001,8107,2018,7,55.6,Y
IDCJAC0001,8107,2018,8,53.4,Y
IDCJAC0001,8107,2018,9,1.2,Y
IDCJAC0001,8107,2018,10,23,Y
IDCJAC0001,8107,2018,11,15.4,Y
IDCJAC0001,8107,2018,12,0.8,Y
IDCJAC0001,8107,2019,1,0,Y
IDCJAC0001,8107,2019,2,14.2,N
IDCJAC0001,8107,2019,3,6,Y
IDCJAC0001,8107,2019,4,5.2,Y
IDCJAC0001,8107,2019,5,2,Y
IDCJAC0001,8107,2019,6,100,Y
IDCJAC0001,8107,2019,7,36.8,Y
IDCJAC0001,8107,2019,8,17.7,Y
IDCJAC0001,8107,2019,9,0,N
IDCJAC0001,8107,2019,10,0,N
IDCJAC0001,8107,2019,11,0,Y
IDCJAC0001,8107,2019,12,0,Y
IDCJAC0001,8107,2020,1,0,Y
IDCJAC0001,8107,2020,2,60.4,N
IDCJAC0001,8107,2020,3,24.2,Y
IDCJAC0001,8107,2020,4,0,Y
IDCJAC0001,8107,2020,5,33.4,Y
IDCJAC0001,8107,2020,6,31.8,N
IDCJAC0001,8107,2020,7,28,Y
IDCJAC0001,8107,2020,8,44,N
IDCJAC0001,8107,2020,9,2.4,Y
IDCJAC0001,8107,2020,10,3.6,Y
IDCJAC0001,8107,2020,11,14,Y
IDCJAC0001,8107,2020,12,4,Y
IDCJAC0001,8107,2021,1,1.8,Y
IDCJAC0001,8107,2021,2,58.4,Y
IDCJAC0001,8107,2021,3,44.2,Y
IDCJAC0001,8107,2021,4,19.6,N
IDCJAC0001,8107,2021,5,62.1,N
IDCJAC0001,8107,2021,6,34.6,Y
IDCJAC0001,8107,2021,7,100,Y
IDCJAC0001,8107,2021,8,17,N
IDCJAC0001,8107,2021,9,12,N
IDCJAC0001,8107,2021,10,23,N
IDCJAC0001,8107,2021,11,9.4,N
IDCJAC0001,8107,2021,12,0,N
IDCJAC0001,8107,2022,1,11,N
IDCJAC0001,8107,2022,2,14,N
IDCJAC0001,8107,2022,3,63.6,N
